{
  "providers": [
    {
      "type": "bitmap",
      "file": "minecraft:font/server.png",
      "ascent": 70,
      "height": 128,
      "chars": ["\u290f"]
    },
    {
      "type": "bitmap",
      "file": "minecraft:font/line.png",
      "ascent": 70,
      "height": 128,
      "chars": ["\u291f"]
    },
    {
      "type": "bitmap",
      "file": "minecraft:font/prefix0.png",
      "ascent": 11,
      "height": 15,
      "chars": ["\u292f"]
    },
    {
      "type": "bitmap",
      "file": "minecraft:font/prefix1.png",
      "ascent": 10,
      "height": 15,
      "chars": ["\u293f"]
    },
    {
      "type": "bitmap",
      "file": "minecraft:font/prefix2.png",
      "ascent": 10,
      "height": 15,
      "chars": ["\u294f"]
    },
    {
      "type": "bitmap",
      "file": "minecraft:font/prefix3.png",
      "ascent": 10,
      "height": 15,
      "chars": ["\u295f"]
    },
    {
      "type": "bitmap",
      "file": "minecraft:font/prefix4.png",
      "ascent": 10,
      "height": 15,
      "chars": ["\u296f"]
    }
  ]
}